{"cameraMode":{"drawMode":0,"name":"Shaded","section":"Shading Mode"},"sceneLighting":true,"audioPlay":false,"sceneViewState":{"showFog":true,"showMaterialUpdate":true,"showSkybox":true,"showFlares":true,"showImageEffects":true,"showParticleSystems":true},"in2DMode":false,"pivot":{"x":-14.360000610351563,"y":12.739999771118164,"z":20.299535751342775},"rotation":{"x":-0.16021692752838136,"y":0.6551761031150818,"z":-0.1450040340423584,"w":-0.72391277551651},"size":39.19099807739258,"orthographic":false}